variavel,importancia
media_receita_30_dias,0.38576969424122204
media_fluxo_30_dias,0.3496320709351491
media_receita_7_dias,0.13444278582976127
media_fluxo_7_dias,0.1220566625256453
fluxo_dia_anterior,0.0047934569241670074
mes,0.002337258934792608
receita_dia_anterior,0.0006916313136504935
dia_semana_num,0.0002764392956122632
