variavel,importancia
media_receita_30_dias,0.4279167918368662
media_fluxo_30_dias,0.3747672037466365
media_receita_7_dias,0.08105894024978123
media_fluxo_7_dias,0.07461157615385389
mes,0.038186998624640284
fluxo_dia_anterior,0.0017787480786328707
receita_dia_anterior,0.0014974406988803094
dia_semana_num,0.0001823006107086608
