Modelo,MAE,RMSE,R2
Persistência (flat),13800.993958333353,15987.17840075119,-2.9247589190867935
Drift (média fluxo 7d),1834.6973904762117,2310.269054206113,0.9180414126611068
Drift (média fluxo 30d),1183.2769196398062,1556.8735537259654,0.9627800294295699
Modelo A (Random Forest),16424.386358971926,18518.050273778084,-4.265745437608137
Modelo B (Random Forest),16795.030354163293,18831.552241970654,-4.445547884865754
